eg_score,p_value,crit_1pct,crit_5pct,crit_10pct
-3.9576809508408988,0.008243863789055145,-3.97878133866782,-3.381426096453287,-3.0757823529411765
