eg_score,p_value,crit_1pct,crit_5pct,crit_10pct
-2.8360756893718837,0.1544757301332556,-3.97878133866782,-3.381426096453287,-3.0757823529411765
